2010,3674,0.087780969,3.046509564,1071.849,137.294,503.406,175.232,459.385
2011,3674,0.119861573,4.862652102,1418.922,226.585,684.654,177.94,410.799
2012,3674,0.094577202,4.203477971,1568.581,202.078,740.869,297.589,307.11
2013,3674,0.119197634,5.917021277,1792,278.1,842.2,292.7,511.1
2014,3674,0.153910821,9.67653277,2291.5,457.7,1121.8,317.6,805.8
2015,3674,0.214631392,16.7710084,3258.4,798.3,1717,538,1043.6
2016,3674,0.258131452,21.54112554,3289,995.2,1881,416.6,1086.1
2017,3674,0.220876334,22.05676856,3651.4,1010.2,2069,454.7,1616.8
2018,3674,0.190188242,20.68468468,3868,918.4,2238.9,655.8,1027.4
2019,3674,0.176378213,20.08470588,3376.8,853.6,2023.8,465.3,1054.6
2020,3674,0.159555094,19.68115942,3355.7,814.8,1983.5,393.6,974.8
2021,3674,0.174409536,36.27845036,5109.1,1498.3,2930.8,756.2,1020.1
2010,3823,0.074348866,168.9066032,2470.952,283.932,851.536,399.913,168.853
2011,3823,0.089006804,227.2245863,2989.914,384.464,1071.794,438.245,174.955
2012,3823,0.088463785,178.9988304,3334.213,459.132,1231.875,507.85,157.984
2013,3823,0.087956383,200.3095699,3594.136,516.999,1331.913,536.701,295.203
2014,3823,0.09102373,225.7473928,4021.964,584.46,1499.807,585.462,377.615
2015,3823,0.088657265,226.556365,3974.295,590.859,1541.568,603.295,381.005
2016,3823,0.072128082,195.8539197,3840.087,512.158,1468.539,592.326,717.259
2017,3823,0.087412058,259.0155834,4300.17,681.47,1648.752,668.176,646.3
2018,3823,0.089806873,294.6715909,4845.872,777.933,1859.052,791.105,353.975
2019,3823,0.087489648,323.552592,5158.557,861.297,2021.702,817.799,393.03
2020,3823,0.084232723,326.0235426,4540.029,872.439,1842.517,666.443,1212.822
2010,3674,0.16449799,14.30548245,2761.503,712.084,1920.333,387.169,2687.768
2011,3674,0.164352783,17.46630152,2993.32,867.394,2104.76,348.416,3592.462
2012,3674,0.115871137,12.96430633,2701.142,651.236,1850.834,339.881,3900.378
2013,3674,0.105533278,12.99114617,2633.689,673.487,1802.827,325.144,4682.912
2014,3674,0.091741755,12.1328732,2864.773,629.32,1946.138,396.605,2866.468
2015,3674,0.09867749,13.39866567,3435.092,696.878,2393.184,466.527,3028.928
2016,3674,0.108109654,16.77596714,3421.409,861.664,2366.84,477.609,4055.793
2017,3674,0.034399928,11.83670513,5107.503,727.259,3707.022,688.953,1047.838
2018,3674,0.073127049,24.23950465,6200.942,1495.432,4603.463,639.717,816.591
2019,3674,0.063714013,22.20430072,5991.065,1363.011,4395.96,635.136,648.322
2020,3674,0.056862619,19.82334124,5603.056,1220.761,4071.946,737.536,1055.86
2021,3674,0.026574292,15.88073646,7318.286,1390.422,5062.835,1459.056,1977.964
2010,3663,0.18638522,1.313554556,65225,14013,26616,9924,25620
2011,3663,0.222753091,1.944490286,108249,25922,45640,11717,25952
2012,3663,0.237033124,2.54128608,156508,41733,71867,18692,29129
2013,3663,0.178922705,1.873962761,170910,37037,71061,20641,40546
2014,3663,0.17041999,669661.0169,182795,39510,78483,27219,25077
2015,3663,0.183813632,953464.2857,233715,53394,104126,30343,41601
2016,3663,0.142023588,862018.8679,215091,45687,93515,29299,67155
2017,3663,0.128826412,948058.8235,229234,48351,97586,35673,74181
2018,3663,0.162775309,1240229.167,265359,59531,112506,48995,66301
2019,3663,0.163230098,1255818.182,260174,55256,110939,45804,100580
2020,3663,0.177255718,337711.7647,274515,57411,116012,37445,90979
2021,3663,0.269742053,591750,365817,94680,164120,51506,62639
2009,7370,0.023700556,25.3385758,1713.7,58,1633.4,277.4,1000.6
2010,7370,0.076051083,93.39207048,1951.8,212,1860.6,318.4,1274.3
2011,7370,0.088388376,126.2948207,2215.6,285.3,2102,395.1,1411.3
2012,7370,0.057422709,110.6440072,2312.2,247.4,2201.3,495.1,1954.3
2013,7370,0.049793254,100.9263344,2273.9,228.8,2127.5,423.7,2267.1
2014,7370,0.016646994,36.03524229,2512.2,81.8,2275.3,458.9,2026.4
2015,7370,-0.059924211,-147.2816399,2504.1,-330.5,2243.4,653.6,2250.9
2016,7370,-0.121318855,-264.2305946,2031,-582.1,1802.6,452.3,1899.9
2017,7370,-0.137811163,-259.6885021,2056.6,-566.9,1837.2,438.2,1323.2
2018,7370,-0.017085342,-36.82771194,2569.8,-80.8,2358.6,474.3,953.6
2019,7370,0.03471267,97.76663628,3274.3,214.5,3035.7,652.3,1843.7
2020,7370,0.165966098,550.1821494,3790.4,1208.2,3537.8,643.1,1857.2
2010,7374,0.045096828,18.95774648,8927.7,1211.4,4198,1127.7,1671.2
2011,7374,0.036631492,19.62754304,9879.5,1254.2,4466.2,1364.8,1425.7
2012,7374,0.045058493,21.72926448,10665.2,1388.5,4748.5,1399.3,1578.5
2013,7374,0.043566247,22,11310.1,1405.8,4977.5,1598.3,1727.1
2014,7374,0.047295463,23.72300469,12206.5,1515.9,5321.3,1800.4,4015.8
2015,7374,0.043868259,22.73082942,10938.5,1452.5,4788.8,1546.9,1665.9
2016,7374,0.03417678,23.35680751,11667.8,1492.5,5116.1,1742.8,3214.6
2017,7374,0.04662184,27.12676056,12379.8,1733.4,5426.1,1703.6,2783.6
2018,7374,0.043700642,25.36463224,13325.8,1620.8,5860.8,1984.2,2173.3
2019,7374,0.054736832,35.88106416,14175.2,2292.8,6497.6,2439.3,1959.7
2020,7374,0.062976344,38.59937402,14589.8,2466.5,6675.1,2441.3,1908.5
2021,7374,0.053277974,40.66510172,15005.4,2598.5,6875.8,2727.4,2585.6
2010,3826,0.060562942,61830,1927.118,185.49,1199.688,387.996,1031.609
2011,3826,0.057550642,59407.66667,2073.529,178.223,1298.889,398.674,813.115
2012,3826,0.047654865,54592.66667,2069.235,163.778,1288.662,398.739,921.073
2013,3826,0.022955096,25930,2132.694,77.79,1325.635,422.66,608.92
2014,3826,0.026590125,29615,2175.044,88.845,1338.284,377.64,697.635
2015,3826,0.030470624,37697.66667,2019.441,113.093,1253.518,391.485,790.477
2016,3826,0.007304239,9375,2068.172,28.125,1283.084,372.348,844
2017,3826,0.028609562,40749.66667,2160.153,122.249,1337.781,464.847,760.538
2018,3826,0.065159431,121871.3333,2289.415,365.614,1360.563,392.443,850.467
2019,3826,0.219591205,586225,2311.659,1758.675,1382.516,394.672,1120.298
2020,3826,0.293407776,1268755.667,2513.654,3806.267,1541.807,420.824,1000.672
2009,7370,0.049650562,5.043209877,16063,817,3266,3849,2784
2010,7370,0.045905707,4.539877301,16042,740,3117,3719,1837
2011,7370,-0.379122352,-25.86585366,16123,-4242,2873,3257,1093
2012,7370,0.08541463,6.044025157,14993,961,3155,3199,2054
2013,7370,0.083150408,6.109677419,12998,947,3726,2759,2443
2014,7370,-0.000784237,-0.054054054,12173,-8,2639,2369,2098
2015,7370,0.032445708,1.684563758,7106,251,1921,1831,1178
2016,7370,-0.014198315,-0.809210526,7607,-123,2062,1643,1263
2017,7370,0.05161994,583.6666667,24556,1751,6612,5913,2648
2018,7370,0.04250355,419,20753,1257,5807,5181,2899
2019,7370,-0.206452357,-1789.666667,19577,-5369,4676,4392,3679
2020,7370,-0.006761049,-49.66666667,17729,-149,3833,4156,2968
2010,3679,0.137730809,4.376383764,6632,3558,3895,973,6350
2011,3679,0.100725366,3.429095355,7890,2805,4508,1082,5825
2012,3679,0.058825532,2.094545455,8012,1728,4375,1302,6144
2013,3679,0.068860173,2.359807461,7819,1961,4295,1253,5235
2014,3679,0.082227323,2.956937799,9715,2472,5219,1501,6068
2015,3679,0.046905104,1.594047619,9111,1339,4829,1372,4600
2016,3679,0.132442023,4.367612293,9390,3695,4994,1481,5291
2017,3679,-0.018076671,-0.581967213,10116,-497,5147,1807,4317
2018,3679,0.03875659,1.243873979,11290,1066,5757,1940,2355
2019,3679,0.033220292,1.11757858,11503,960,5813,1869,2434
2020,3679,0.016636881,0.593279258,11408,512,5478,2133,2672
2010,3826,0.080703493,245.7847841,13202.602,1793,7085.872,2218.975,1632.98
2011,3826,0.072531022,285.4111155,16090.54,2172.264,8879.498,3049.895,537.001
2012,3826,0.072620746,310.6753247,18260.4,2392.2,10288.2,3267.3,1678.7
2013,3826,0.077727978,341.1392405,19118,2695,10879.1,3451.6,3115.2
2014,3826,0.070242784,328.9113924,19913.8,2598.4,11426.9,3633.8,3005.6
2015,3826,0.069623534,419.675,20563.1,3357.4,11999.6,3964.1,790.8
2016,3826,0.056378918,315.2716049,16882.4,2553.7,10523.1,3186.1,963.7
2017,3826,0.053422825,307.6666667,18329.7,2492.1,11468.8,3521.8,630.3
2018,3826,0.055420478,323.2804878,19893,2650.9,12431.6,3571.6,787.8
2019,3826,0.048455581,358.1190476,17911.1,3008.2,11173.2,3464.4,19912.3
2020,3826,0.047872271,405.1111111,22284,3646,14707,4810,6035
2010,3826,0.1196243,3.317798038,1704.346,383.919,847.794,356.763,420.086
2011,3826,0.001996506,0.067649372,1921.287,7.655,996.4,409.888,142.342
2012,3826,0.017925235,0.607983588,2115.205,69.94,1095.371,457.011,171.444
2013,3826,0.042367419,1.484666063,2166.232,167.212,1105.931,470.028,173.242
2014,3826,0.038165249,1.402708013,2237.219,157.778,1123.844,470.563,174.821
2015,3826,0.050986548,1.896076191,2262.359,212.425,1143.874,439.015,237.932
2016,3826,0.054785216,2.137433062,2115.517,234.299,1072.625,425.588,359.265
2017,3826,0.048039855,2.651597938,2256.982,292.633,1139.903,552.304,202.134
2018,3826,0.03981694,2.151297051,2777.996,237.927,1451.161,632.669,166.315
2019,3826,0.034802443,2.047489653,2883.673,227.558,1528.679,725.184,191.894
2020,3826,0.091439472,6.493772861,3782.745,727.887,2231.8,1155.109,402.614
2010,3823,0.094733616,4.536687631,21039,2164,8966,3989,1592
2011,3823,0.103935292,5.199161426,24222,2480,10163,4502,2052
2012,3823,0.082626585,4.125786164,24412,1968,10350,4983,2367
2013,3823,0.081097487,4.201257862,24669,2004,10551,4808,3275
2014,3823,0.088803408,4.501048218,24537,2147,10786,5019,3149
2015,3823,0.122691054,5.681341719,22304,2710,9659,4413,3153
2016,3823,0.075196615,3.427672956,14522,1635,6746,2701,3182
2017,3823,0.07749247,3.182389937,15264,1518,6978,3072,3062
2018,3823,0.108043158,4.618448637,17408,2203,8046,3344,1093
2019,3823,0.112504269,4.834381551,18372,2306,8399,3441,1494
2020,3823,0.085875361,4.119496855,16785,1965,7644,3260,3315
2021,3823,0.093182278,4.828092243,18236,2303,8232,3499,2354
2010,3812,0.11861364,4.404705882,5206.1,561.6,2040.4,742.4,459.9
2011,3812,0.09525661,4.776604387,5924.6,588,2322.5,893.8,372.3
2012,3812,0.00547132,0.272970562,5451.3,30.6,2103.6,762.2,364.3
2013,3812,0.023258686,1.057062675,5111.7,113,1966.4,733,321
2014,3812,0.108452304,5.069194313,5012,534.8,1902.9,594.2,561
2015,3812,0.025439866,2.693548387,5083,334,1944,1255,748
2016,3812,0.027009003,2.592,7467,324,2702,999,501
2017,3812,0.054806739,4.608333333,5900,553,2362,647,484
2018,3812,0.072974896,6.084745763,6182,718,2511,909,288
2019,3812,0.093802511,7.974789916,6801,949,2587,1455,530
2020,3812,0.030275974,5.379807692,18194,1119,6386,4076,1276
2010,3570,0.070367782,398.2272727,126033,8761,33280,27570,10934
2011,3570,0.054618313,353.7,127245,7074,33848,26628,8043
2012,3570,-0.116302589,-632.5,120357,-12650,31355,25506,11707
2013,3570,0.048383739,269.1052632,112298,5113,29468,24024,12163
2014,3570,0.048572757,278.5,111454,5013,30226,21325,15133
2015,3570,0.042607736,253,103355,4554,28129,21511,17433
2016,3570,0.086039297,146.8235294,48238,2496,9314,6609,6288
2017,3570,0.07674779,157.875,52056,2526,9931,7162,8146
2018,3570,0.153861706,332.9375,58472,5327,11117,8003,5877
2019,3570,0.094182329,210.1333333,58756,3152,11793,8939,4537
2020,3570,0.082004556,218.7692308,56639,2844,11110,8443,5138
2021,3570,0.168427868,591.1818182,63487,6503,14044,8849,4304
2010,3674,0.181432596,2054.112166,43623,11464,33422,2867,21885
2011,3674,0.181976687,2588.4,53999,12942,40016,3874,14837
2012,3674,0.13046674,2225.930421,53341,11005,40365,4902,18162
2013,3674,0.1041599,1924,52708,9620,39262,3750,20087
2014,3674,0.127278264,2340.8,55870,11704,43864,5011,14054
2015,3674,0.110803862,2284,55355,11420,43125,5392,25313
2016,3674,0.091028616,2063.2,59387,10316,44074,5102,17099
2017,3674,0.077899212,1920.2,62761,9601,47076,5708,14002
2018,3674,0.16452412,4210.6,70848,21053,52622,7238,11650
2019,3674,0.154170695,5262,71965,21048,52766,7735,13123
2020,3674,0.136513577,5224.75,77867,20899,55646,7352,23895
2010,7370,0.130742517,34.33564815,99871,14833,51399,28225,11651
2011,7370,0.136172735,36.3646789,106916,15855,55596,29561,11922
2012,7370,0.139280112,37.73636364,104507,16604,55520,30578,11129
2013,7370,0.130586343,37.2918552,99751,16483,53770,31836,11066
2014,7370,0.102287037,27.13769752,92793,12022,51440,31832,8476
2015,7370,0.119371917,29.70720721,81741,13190,44775,28554,8194
2016,7370,0.101064101,26.67865169,79920,11872,42749,29245,8527
2017,7370,0.045893296,12.89910314,79139,5753,40930,31630,12580
2018,7370,0.070739654,19.52572707,79591,8728,41735,31034,12222
2019,7370,0.061970221,21.05133929,77147,9431,42404,24287,9009
2020,7370,0.035839996,12.44988864,73620,5590,41595,19235,14275
2010,7370,0.052514594,1.953585526,9941.411,245.974,1505.635,1659.844,938.842
2011,7370,0.054720711,2.590515319,10381.664,331.029,1654.863,2077.494,905.633
2012,7370,0.055407225,2.916466568,10893.778,378.954,1827.813,2348.892,1032.457
2013,7370,0.058163957,3.214039912,11818.376,423.093,1941.193,2548.99,1256.405
2014,7370,0.038812543,2.490326596,12695.157,328.108,2219.196,2867.555,732.647
2015,7370,0.038912648,2.460118714,12114.832,302.971,2117.63,2548.743,460.859
2016,7370,0.028595431,1.740068292,10964.157,210.463,1897.802,2115.663,655.716
2017,7370,0.039795774,2.43987673,10040.314,293.727,1923.204,2102.543,774.151
2018,7370,0.012923743,1.149158334,14984.646,163.431,3033.907,3554.93,793.358
2019,7370,0.073907822,6.375604874,12737.868,847.184,2651.266,2840.209,631.068
2020,7370,0.039809207,3.790555538,13566.975,491.817,2770.591,3167.31,1209.934
2021,7370,0.028684085,3.256367685,14092.632,419.723,3314.081,3101.418,1026.549
2010,3827,0.054337588,1263.690476,1820.76,212.3,1084.536,488.059,1534.044
2011,3827,0.16992502,4757.413174,3175.167,794.488,1988.559,643.044,2038.535
2012,3827,0.148229283,4527.035928,3171.944,756.015,1919.218,724.223,2534.444
2013,3827,0.102725993,3291.812121,2842.781,543.149,1677.092,550.435,2918.881
2014,3827,0.105215807,3531.848485,2929.408,582.755,1765.111,520.315,3152.637
2015,3827,0.075871755,2317.455696,2814.049,366.158,1678.444,618.344,2387.111
2016,3827,0.141950963,4515.525641,2984.493,704.422,1885.314,631.423,2491.294
2017,3827,0.167398236,5898.573248,3480.014,926.076,2245.546,593.188,3016.74
2018,3827,0.142768139,5142.724359,4036.701,802.265,2647.637,651.678,2880.318
2019,3827,0.130500629,7393.81761,4568.904,1175.617,2824.514,1084.128,1739.385
2020,3827,0.131119638,7850.225806,5806.424,1216.785,3605.934,1207.289,1980.472
2021,3827,0.20234319,13583.60784,6918.734,2078.292,4415.896,1396.531,2494.522
2010,3674,0.125910297,18.68686869,8482,1850,4636,1531,2913
2011,3674,0.011320499,1.704081633,8788,167,3863,1497,2160
2012,3674,-0.072026801,-10.11764706,8292,-1032,3167,1289,2559
2013,3674,0.062245005,11.44230769,9073,1190,3611,2329,3657
2014,3674,0.135345364,28.45794393,16358,3045,7540,2906,4534
2015,3674,0.120076213,26.84259259,16192,2899,7882,2507,3521
2016,3674,-0.010021786,-2.532110092,12399,-276,5485,2068,4398
2017,3674,0.144017433,45.4375,20322,5089,12409,3759,5428
2018,3674,0.32587145,120.8119658,30391,14135,22551,5478,6802
2019,3674,0.129134535,53.5,23406,6313,16042,3195,7955
2020,3674,0.050057752,22.57983193,21435,2687,12122,3912,8142
2021,3674,0.099593876,48.04098361,27705,5861,16979,5311,8633
2010,3663,0.024748798,30.14285714,19282,633,7248,3639,8863
2011,3663,0.083135904,386,8203,1158,4317,1951,5091
2012,3663,0.069484975,293.6666667,8698,881,4536,1976,3603
2013,3663,0.09273479,366.3333333,8696,1099,4469,2033,3227
2014,3663,0.124628226,649.5,5881,1299,3009,1561,3954
2015,3663,0.072731608,305,5695,610,2870,1406,2381
2016,3663,0.066170389,280,6038,560,3094,1500,1076
2017,3663,-0.018884016,-77.5,6380,-155,3225,1613,1268
2018,3663,0.102667659,483,7343,966,3730,1293,1257
2019,3663,0.081563616,434,7887,868,4134,1412,1001
2020,3663,0.087256344,474.5,7414,949,3838,1390,1254
2010,3812,0.065338468,7.054982818,34757,2053,6944,4057,3769
2011,3812,0.08334973,8.338582677,26412,2118,6125,2964,3252
2012,3812,0.074520589,8.276150628,25218,1978,6064,2858,3862
2013,3812,0.073992646,8.95412844,24661,1952,5874,2685,5150
2014,3812,0.077863917,10.39698492,23904,2069,5988,2806,3863
2015,3812,0.08137728,10.99447514,23526,1990,6109,2841,2319
2016,3812,0.085890529,12.57142857,24508,2200,6233,3299,2541
2017,3812,0.05770828,11.58045977,25803,2015,6429,3976,11225
2018,3812,0.085756779,18.88304094,30095,3229,7620,6474,1579
2019,3812,0.054710506,13.38095238,33841,2248,8277,6660,2245
2020,3812,0.071712879,19.09580838,36799,3189,8745,6641,4907
2010,3825,0.20975444,16.68776093,1608.65,379.73,926.246,176.483,806.798
2011,3825,0.170795184,16.28939341,1429.061,373.809,776.911,129.33,670.238
2012,3825,0.089344659,9.24084639,1656.75,217.049,947.175,153.423,770.436
2013,3825,0.062721688,6.882541934,1427.933,164.947,866.118,157.642,928.52
2014,3825,0.032015505,3.0015142,1647.824,81.272,952.198,151.034,828.043
2015,3825,0.0810135,8.111451581,1639.578,206.477,985.39,211.293,742.401
2016,3825,-0.015718049,-1.744025385,1753.25,-43.421,1024.349,192.444,1178.908
2017,3825,0.082871288,10.54213713,2136.606,257.692,1289.994,272.783,1777.822
2018,3825,0.166917165,20.59156791,2100.802,451.779,1288.209,291.267,1116.848
2019,3825,0.167730768,22.47334263,2294.965,467.468,1411.11,362.368,911.227
2020,3825,0.2146968,37.76291837,3121.469,784.147,1866.236,497.506,1436.401
2010,3674,0.240877546,1.855172414,13966,3228,8405,1518,3072
2011,3674,0.109089135,1.284319357,13697,2236,7850,1545,2935
2012,3674,0.087857749,1.010338886,12690,1759,7215,1230,3965
2013,3674,0.114162002,1.241815049,12205,2162,7338,1203,3829
2014,3674,0.159180679,1.620333142,13045,2821,8336,1246,3541
2015,3674,0.183980283,1.715106261,13000,2986,8374,1165,3218
2016,3674,0.218793744,2.064905227,13370,3595,8876,1267,3490
2017,3674,0.208706496,2.114876508,14961,3682,10200,1278,4469
2018,3674,0.325611251,3.205054566,15784,5580,10913,1207,4233
2019,3674,0.278443778,2.881677197,14383,5017,9926,1074,5387
2020,3674,0.289132345,3.213670304,14461,5595,10063,1414,6568
2010,3826,0.048507218,2.577401692,10788.7,1035.6,5219.9,1516.8,926
2011,3826,0.049560813,3.272391732,11725.9,1329.9,5745.7,1814.1,1020.6
2012,3826,0.04291919,2.848609432,12509.9,1177.9,6331.6,1804.9,855.3
2013,3826,0.039961209,3.445075758,13090.3,1273.3,6553.9,1942.3,5879.5
2014,3826,0.044207868,4.6374541,16889.6,1894.4,9501.6,2473.6,1352
2015,3826,0.048311282,4.795824229,16965.4,1975.4,8563,2544.9,454.1
2016,3826,0.044040734,4.870633582,18274.1,2021.8,9294.7,3426.8,806.2
2017,3826,0.039263089,5.198598131,20918,2225,10516,4311,1361
2018,3826,0.05224783,6.800925926,24358,2938,11916,4595,2117
2019,3826,0.063308268,8.516129032,25542,3696,12411,4952,2420
2020,3826,0.092321729,14.58810069,32218,6375,17163,6472,10335
2010,7373,0.094890013,52.08731809,288.628,25.054,135.692,81.86,2.139
2011,7373,0.093289911,57.29106029,309.391,27.557,148.781,90.012,1.351
2012,7373,0.097524496,68.59459459,363.304,32.994,175.523,100.327,6.406
2013,7373,0.087968629,81.29106029,416.643,39.101,201.886,116.291,78.876
2014,7373,0.102686147,122.5363825,493.101,58.94,243.125,112.679,206.167
2015,7373,0.047818395,134.8627859,591.022,64.869,290.682,197.44,46.51
2016,7373,0.080899447,228.3929314,756.043,109.857,391.42,203.229,56.424
2017,7373,0.103136528,340.8419958,840.662,163.945,438.528,238.466,229.085
2018,7373,0.082336709,306.5738046,935.282,147.462,484.161,303.609,178.585
2019,7373,0.066858032,304.6299376,1086.427,146.527,571.655,380.571,272.081
2020,7373,0.074721721,405.031185,1116.663,194.82,601.45,403.917,675.81
2010,3572,0.188591703,691,9850,1382,2911,1256,2734
2011,3572,0.089430894,363,9526,726,2393,1206,3490
2012,3572,0.11347318,537.3333333,12478,1612,4463,2364,3208
2013,3572,0.069820462,326.6666667,15351,980,5596,1793,4309
2014,3572,0.104329312,539,15130,1617,5604,1989,5088
2015,3572,0.096502207,488.3333333,14572,1465,5306,1532,5286
2016,3572,0.007364129,80.66666667,12994,242,4690,1461,8378
2017,3572,0.013295378,132.3333333,19093,397,8127,1948,6378
2018,3572,0.023088763,225,20647,675,9591,2197,5028
2019,3572,-0.028593098,-251.3333333,16569,-754,5556,1204,3455
2020,3572,-0.009742031,-83.33333333,16736,-250,5369,2379,3048
2021,3572,0.031417419,273.6666667,16922,821,5630,2257,3370
2010,7373,0.075357415,118.1062124,836.586,117.87,416.628,215.39,126.518
2011,7373,0.09129451,136.3799603,966.897,137.471,489.848,224.626,64.125
2012,7373,0.095699145,152.6935961,1027.109,154.984,518.349,226.781,157.313
2013,7373,0.108427375,173.1813725,1129.386,176.645,577.333,237.37,127.905
2014,7373,0.111093394,182.3388672,1173.173,186.715,601.572,231.978,70.377
2015,7373,0.11499182,205.6679649,1256.19,211.221,654.85,248.14,148.313
2016,7373,0.137078136,241.8532556,1354.646,248.867,710.643,269.559,70.31
2017,7373,0.128758555,238.4025218,1431.117,245.793,755.144,297.058,114.765
2018,7373,0.183709432,364.6272991,1536.603,376.66,818.729,313.301,31.44
2019,7373,0.124442233,262.6908213,1552.691,271.885,790.294,349.343,93.628
2020,7373,0.122162313,286.3590734,1697.067,296.668,860.408,343.605,213.345
2021,7373,0.133325429,300.066474,1758.225,311.469,870.574,359.691,50.992
2010,7372,0.217853286,347.4074074,62484,18760,52596,13014,36788
2011,7372,0.212963644,445.1923077,69943,23150,56903,14987,52772
2012,7372,0.140000495,326.5,73723,16978,58951,15780,63040
2013,7372,0.153498887,420.4423077,77849,21863,60939,17486,77022
2014,7372,0.128051327,432.8235294,86451,22074,63762,19544,85709
2015,7372,0.069190741,243.86,93580,12193,65942,17908,96526
2016,7372,0.086724421,342816.3265,85320,16798,58418,18277,113240
2017,7372,0.087952017,441750,89950,21204,63489,19792,132981
2018,7372,0.064018266,345229.1667,110360,16571,81907,26481,133768
2019,7372,0.136936585,817500,125843,39240,94533,29524,133819
2020,7372,0.146961113,942148.9362,143015,44281,109237,32011,136527
2021,7372,0.18356757,1303638.298,168088,61271,126756,38043,130334
2009,7370,0.099629738,121.9681909,26820,6135,21354,6318,18469
2010,7370,0.116230366,168.5798817,35622,8547,27592,7504,28848
2011,7370,0.127427324,203.4862385,37121,9981,29749,7189,30676
2012,7370,0.133537867,235.1485149,37180,10925,30613,6875,32216
2013,7370,0.121258744,245.4077061,38275,10955,31647,6993,38819
2014,7370,0.089609839,228.8279991,38226,9938,31406,6435,54368
2015,7370,0.079345694,215.4684096,37047,8901,30439,6201,56125
2016,7370,0.069152758,225.6466038,37728,9335,31259,6094,66078
2017,7370,0.02786601,95.69677258,39831,3825,32915,6081,67261
2018,7370,0.10195108,329.9493897,39506,11083,32741,5910,37827
2019,7370,0.087796046,330.4532116,39068,10135,32512,6329,43057
2020,7370,0.10484566,488.4861407,40479,13746,34161,6207,46554
2010,7370,0.095156113,12699.67213,3800,774.68,3529.168,554.328,2468.015
2011,7370,0.092629301,13653.22951,4216.258,832.847,3941.352,634.373,2911.692
2012,7370,0.083490208,13652.04918,4403.677,832.775,4103.938,617.233,3538.353
2013,7370,0.027936096,4753.852459,4055.24,289.985,3672.129,599.82,3173.752
2014,7370,0.02488404,4399.918033,4147.065,268.395,3769.461,591.8,3739.491
2015,7370,0.053686309,10320.5082,4795.511,629.551,4303.345,672.006,3988.084
2016,7370,0.091978556,19160.36066,5854.43,1168.782,5265.988,833.033,4761.3
2017,7370,0.116538645,27769.7377,7301.505,1693.954,6524.952,1217.968,5819.774
2018,7370,0.138037077,42471.70492,9030.008,2590.774,8083.608,1315.578,3228.962
2019,7370,0.14215399,48384.55738,11171.297,2951.458,9898.733,1534.809,4176.976
2010,7374,0.059896148,248,4133,496,2079,572,563
2011,7374,0.055217595,236,4337,472,2135,666,337
2012,7374,0.071907732,305.5,4482,611,2228,663,358
2013,7374,0.068117313,162,4814,648,2452,751,400
2014,7374,0.08075399,188.5,5066,754,2571,798,294
2015,7374,0.076231263,178,5254,712,2744,802,275
2016,7374,0.095453146,232.5,5505,930,2950,902,300
2017,7374,0.121100204,311.5,5696,1246,3090,997,325
2018,7374,0.105398686,148.375,5823,1187,3193,1049,415
2019,7374,0.011516785,111.625,10187,893,6424,2782,893
2020,7374,0.012838553,119.75,14852,958,10244,2482,906
2010,7373,0.097933374,282.4666667,1850.222,237.272,886.114,476.905,571.012
2011,7373,0.102196805,180.7942217,2203.153,306.627,1024.119,563.209,774.781
2012,7373,0.107230512,230.8146426,2665.436,397.232,1176.999,577.848,1036.785
2013,7373,0.097198297,115.6996805,2910.748,398.354,1391.575,582.926,879.381
2014,7373,0.11597516,151.4216138,3402.703,525.433,1601.658,672.778,1420.866
2015,7373,0.096972951,153.971453,4425.267,539.362,2077.359,1034.084,513.181
2016,7373,0.113052963,179.9502403,4796.473,636.484,4290.811,944.943,356.449
2017,7373,0.134013962,241.3635857,5142.272,866.978,4605.605,1042.781,805.767
2018,7373,0.093917601,173.9533407,5366.325,630.059,4773.613,1183.494,775.411
2019,7373,0.076792317,144.0299238,5692.598,529.454,4994.74,1139.595,541.774
2020,7373,0.10371999,209.0267953,5505.788,780.088,4967.252,1168.712,1058.088
2010,7372,0.073053999,41.35228758,935.954,126.538,847.859,216.093,570.124
2011,7372,0.041009636,23.60424837,1149.835,72.229,1020.459,138.522,604.639
2012,7372,0.19236879,143.7738562,1326.424,439.948,1203.842,97.821,827.061
2013,7372,0.067628647,53.67418301,1460.116,164.243,1333.438,107.624,633.048
2014,7372,0.049507782,51.92745098,1580.932,158.898,1444.401,122.492,1022.606
2015,7372,0.107365117,76.67588092,1702.091,252.417,1552.87,164.848,711.184
2016,7372,0.096850219,61.69076549,1816.083,203.086,1654.678,157.171,468.289
2017,7372,0.084384098,61.9990887,1943.032,204.101,1800.323,190.426,692.542
2018,7372,0.140067016,105.0355407,2138.022,345.777,1978.922,307.137,533.298
2019,7372,0.294582281,300.4188943,2336.319,988.979,2174.213,314.755,705.21
2020,7372,0.149500416,179.417983,2682.891,590.644,2491.177,348.196,928.432
2010,3678,0.123611224,2820.482955,3554.101,496.405,1261.074,718.545,624.229
2011,3678,0.117922265,3215.895706,3939.786,524.191,1363.099,767.181,648.934
2012,3678,0.106475111,3470.73125,4292.065,555.317,1464.991,910.711,942.503
2013,3678,0.103059195,4023.240506,4614.669,635.672,1587.316,1001.012,1192.162
2014,3678,0.100910773,2363.666667,5345.5,709.1,1861.9,1123.7,1329.6
2015,3678,0.1023678,2545,5568.7,763.5,1951.1,1104.6,1760.4
2016,3678,0.096826573,2743,6286.4,822.9,2257,1349.3,1173.2
2017,3678,0.06502464,2168.333333,7011.3,650.5,2536.7,1598.6,1753.7
2018,3678,0.119961373,4016.666667,8202,1205,2954.6,1817.2,1291.7
2019,3678,0.106791179,3850,8225.4,1155,2912.4,1736.4,908.6
2020,3678,0.097620728,4011.333333,8598.9,1203.4,2972.2,1951.6,1738.1
2009,7372,0.063568376,89.25,5985,714,5361,856,3044
2010,7372,0.046937652,74.625,6190,597,5517,1013,2958
2011,7372,0.090015361,167.4285714,6730,1172,6012,940,3211
2012,7372,0.053202587,109.2857143,6906,765,6083,1031,4747
2013,7372,0.066326907,128.2857143,6701,898,5887,1007,4084
2014,7372,0.066349278,125.4285714,6508,878,5686,993,3891
2015,7372,0.211438769,414.6666667,3600,2488,3227,556,6025
2016,7372,-0.005832508,-17.66666667,4019,-106,3535,649,4256
2017,7372,0.072212704,189.6666667,4834,1138,4222,809,2162
2018,7372,0.001945037,5.166666667,4731,31,4089,777,2043
2019,7372,0.502521008,647.8333333,2490,3887,2249,199,2263
2020,7372,0.087093224,92.33333333,2556,554,2270,148,951
2009,7372,-0.145716746,-225.6666667,3654,-677,1921,206,1996
2010,7372,-0.056006494,-92,3589,-276,2206,335,2237
2011,7372,0.01384083,25.33333333,4143,76,2699,366,1849
2012,7372,0.019329389,32.66666667,3797,98,2620,312,1680
2013,7372,0.00139958,2.666666667,3575,8,2414,327,2365
2014,7372,0.14234586,291.6666667,4515,875,3386,362,3021
2015,7372,0.163971631,385.3333333,4396,1156,3208,233,3834
2016,7372,0.125291526,322.3333333,4845,967,3705,359,4532
2017,7372,0.121505126,347.6666667,5150,1043,3995,385,5331
2018,7372,0.11376577,339.6666667,4950,1019,3753,623,5445
2019,7372,0.273488121,1013,5537,3039,4300,461,5735
2020,7372,0.062989163,279,5629,837,4277,521,6366
2010,7372,0.018643311,21.04317789,1010.049,24.368,748.931,246.081,240.253
2011,7372,0.052417588,73.07442258,1169.555,85.424,856.862,323.22,167.878
2012,7372,-0.019757383,-29.59698997,1258.164,-35.398,932.204,328.07,489.543
2013,7372,0.078609289,121.3240506,1296.576,143.769,973.602,337.706,241.913
2014,7372,0.072816977,139.2991304,1356.967,160.194,1028.464,351.888,293.654
2015,7372,0.021519852,41.82673703,1255.242,47.557,968.812,326.575,273.417
2016,7372,-0.023154397,-47.36086957,1140.533,-54.465,868.224,287.657,296.63
2017,7372,0.002643214,5.411101474,1164.039,6.239,889.654,313.199,298.411
2018,7372,0.022321386,44.05677966,1251.12,51.987,976.184,282.897,285.782
2019,7372,-0.010305533,-23.89904265,1255.631,-27.46,982.336,393.781,298.57
2020,7372,0.038635862,112.5710594,1458.415,130.695,1175.548,422.121,304.087
2021,7372,0.105805136,406.9308874,1807.159,476.923,1491.9,549.272,327.032
2011,7370,-0.178030319,-128302,106.313,-128.302,69.802,39.834,549.539
2012,7370,-0.095481067,-79399,316.933,-79.399,260.671,112.155,424.856
2013,7370,-0.191704394,-215107.6667,664.89,-645.323,507.42,247.328,2238.954
2014,7370,-0.103494808,-192606.6667,1403.002,-577.82,1154.568,418.454,3624.478
2015,7370,-0.080874805,-173677,2218.032,-521.031,1786.536,638.694,3498.348
2016,7370,-0.066499087,-114218.25,2529.619,-456.873,2015.412,650.65,3783.979
2017,7370,-0.014578528,-27015.75,2443.299,-108.063,1960.899,664.268,4411.402
2018,7370,0.118630992,301399,3042.359,1205.596,2500.743,788.7,6211.099
2019,7370,0.115375432,366414.75,3459.329,1465.659,2787.204,850.184,6640.914
2020,7370,-0.084880661,-283906.5,3716.349,-1135.626,2845.138,1041.743,7474.589
2014,7370,0.007088124,10.5260223,150.929,5.663,126.235,3.729,25.515
2015,7370,0.023888737,36.68126095,224.653,20.945,192.863,9.097,50.714
2016,7370,0.040644791,74.94017094,329.141,43.84,280.873,2.031,60.158
2017,7370,0.049298092,111.1597338,433.047,66.807,370.609,8.623,46.077
2018,7370,0.090060226,225.8072488,566.336,137.065,490.105,7.376,45.718
2019,7370,0.072610385,294.5774878,737.671,180.576,648.335,13.318,133.667
2020,7370,0.055006841,232.1245955,841.434,143.453,743.656,19.577,151.71
2014,3825,0.12852459,196,2933,392,1702,380,810
2015,3825,0.146237172,256.5,2856,513,1691,398,483
2016,3825,0.088088351,167.5,2918,335,1752,437,784
2017,3825,0.017191977,51,3189,102,1934,587,818
2018,3825,0.028331044,82.5,3878,165,2437,680,915
2019,3825,0.093764155,310.5,4303,621,2840,713,1598
2020,3825,0.086866168,313.5,4221,627,2857,659,1765
2021,3825,0.114895258,447,4941,894,3362,765,2052
2013,3576,0.116481949,14153.33333,361.224,42.46,243.582,81.999,113.664
2014,3576,0.107086975,12407.14286,584.106,86.85,402.112,96.982,449.457
2015,3576,0.104408177,17300.28571,837.591,121.102,556.96,144.263,687.326
2016,3576,0.106528776,26312.71429,1129.167,184.189,742.516,253.119,867.833
2017,3576,0.171972806,60457.28571,1646.186,423.201,1081.969,247.346,1535.555
2018,3576,0.1064623,41014.375,2151.369,328.115,1401.939,338.118,1956.147
2019,3576,0.205449802,107483.375,2410.706,859.867,1573.841,417.552,2724.368
2020,3576,0.133903323,79319.625,2317.512,634.557,1519.466,405.92,2872.868
2010,3576,0.09573524,1294.5,40040,7767,26920,7232,39861
2011,3576,0.074516333,1298,43218,6490,28252,7809,44585
2012,3576,0.087631731,1608.2,46061,8041,29733,8030,48716
2013,3576,0.098655019,1996.6,48607,9983,31458,9507,50610
2014,3576,0.074695151,1570.6,47142,7853,29711,9310,52074
2015,3576,0.079141002,1796.2,49161,8981,31788,9835,60416
2016,3576,0.088276395,2147.8,49247,10739,32535,10119,65756
2017,3576,0.074019011,1921.8,48005,9609,31918,10002,70492
2018,3576,0.001011178,22,49330,110,32473,10503,46548
2019,3576,0.118832636,2905.25,51904,11621,34295,10965,33434
2020,3576,0.118225043,2803.5,49301,11214,33246,10523,29419
2021,3576,0.108628983,2647.75,49818,10591,33453,10146,24532
2009,3674,0.112263913,130.7071298,1833.554,357.484,1211.931,262.735,1386.605
2010,3674,0.155010445,242.5831444,2369.445,641.875,1600.248,286.464,1926.413
2011,3674,0.118742051,201.0921851,2240.736,530.079,1510.316,214.965,1917.627
2012,3674,0.103085115,184.952959,2168.652,487.536,1487.773,229.175,1714.745
2013,3674,0.125142808,234.6939687,2382.531,630.388,1694.742,267.833,2457.321
2014,3674,0.132341241,250.9547038,2377.344,648.216,1723.787,246.615,3303.061
2015,3674,0.114213023,217.1332282,2213.881,550.867,1592.802,307.458,3337.699
2016,3674,0.131316907,251.0129032,2349.33,622.512,1686.537,243.915,3321.457
2017,3674,0.101347453,202.2024467,2539.004,512.381,1829.074,372.144,3447.57
2018,3674,0.172721781,350.4332414,3059.04,889.75,2156.472,335.165,3175.684
2019,3674,0.168903598,325.1521739,3162.666,792.721,2198.132,273.028,2267.216
2020,3674,0.11713797,263.0219691,3147.599,646.508,2250.952,285.214,3078.899
2010,3829,0.05552544,0.132595017,1293.937,103.66,689.77,243.889,220.788
2011,3829,0.056835597,0.171602274,1644.065,150.755,890.813,282.304,154.621
2012,3829,0.05507474,0.189766174,2040.113,191.06,1132.658,340.804,157.771
2013,3829,0.059136574,0.197876705,2288.124,218.855,1314.042,361.075,147.227
2014,3829,0.055265557,0.177343223,2395.546,214.118,1408.065,391.534,148
2015,3829,0.03290135,0.097795365,2290.4,121.1,1332.9,376.8,116
2016,3829,0.036038979,441.3333333,2362.2,132.4,1365.3,390.2,327.2
2017,3829,0.028174585,605.5,2654.2,121.1,1519.4,457.6,537.4
2018,3829,0.048957828,942.6666667,3108.4,282.8,1822.5,545.8,172.5
2019,3829,0.077446655,2571.5,3264.3,514.3,1915.5,608.2,189.2
2020,3829,0.056697058,1299.666667,3147.7,389.9,1889.8,620.5,237.7
2013,7370,-0.007498187,-24.12121212,125.022,-0.796,89.623,11.102,54.87
2014,7370,-0.061183696,-346.4318182,195.591,-15.243,139.181,15.404,88.843
2015,7370,-0.097752328,-478.4336283,273.499,-54.063,195.07,20.275,292.864
2016,7370,-0.051447626,-257.7672414,364.967,-29.901,264.164,26.426,282.086
2017,7370,0.135076447,670.4918033,441.231,81.8,318.18,33.677,340.55
2018,7370,0.085924393,645.7583333,603.693,77.491,439.654,12.244,624.287
2019,7370,0.062173875,805.8319328,818.379,95.894,595.374,15.386,817.252
2020,7370,0.145247493,2771.793651,1725.625,349.246,1319.069,22.605,1669.218
2016,7370,-0.014685425,-132.7142857,704.2,-92.9,316.2,83.6,131.4
2017,7370,-0.001367034,-13.14285714,750.7,-9.2,350.9,88.2,99.6
2018,7370,-0.012300171,-45.28571429,746.4,-63.4,379.3,81.5,217.8
2019,7370,0.012931955,56.21428571,824.1,78.7,425.3,109.6,281.3
2020,7370,-0.000596899,-2.666666667,842.5,-4,393.1,141.5,188.2
2010,3577,0.115806314,140.966759,956.848,101.778,482.505,154.146,174.421
2011,3577,0.19426233,241.8878116,983.488,174.643,507.449,195.921,218.816
2012,3577,0.127000004,170.2271468,996.168,122.904,513.148,168.732,388.88
2013,3577,0.11998264,186.0914127,1038.159,134.358,528.337,184.539,413.207
2014,3577,0.005823284,44.91551247,1670.572,32.429,833.734,683.39,418.335
2015,3577,-0.031349206,-158,3650,-158,1716,675,192
2016,3577,-0.029576857,-137,3574,-137,1717,657,156
2017,3577,0.003976608,17,3722,17,1789,519,62
2018,3577,0.097026965,421,4218,421,2062,549,44
2019,3577,0.115474422,544,4485,544,2178,645,30
2020,3577,0.093767442,504,4448,504,2071,524,192
2019,3674,0.133082501,398.7272727,19550,4386,12352,2471,12260
2020,3674,0.146035849,472.5454545,21731,5198,13869,4003,11214
2010,3823,0.063631221,332.2142122,2386.112,322.58,1395.554,478.957,270.394
2011,3823,0.080318388,432.8743668,2797.089,427.247,1650.244,502.963,338.101
2012,3823,0.068357077,480.4771372,2993.489,483.36,1822.605,598.601,370.59
2013,3823,0.065765944,531.3849951,3238.128,538.293,2067.684,606.02,459.72
2014,3823,0.076790451,632.7453477,3549.494,646.033,2296.589,607.947,610.43
2015,3823,0.068454171,677.1079767,3582.395,696.067,2371.431,610.313,778.511
2016,3823,0.045978943,635.757722,3789.925,658.645,2571.009,781.498,757.2
2017,3823,0.067878176,930.816092,4607.471,971.772,3208.309,809.661,671.327
2018,3823,0.061929899,858.5454545,5191.2,944.4,3645.5,891.9,364.4
2019,3823,0.097626029,1607.181818,5366.8,1767.9,3841,993.6,709.7
2020,3823,0.039529986,863.3636364,5527.1,949.7,4059.1,1126.6,308.3
2010,7372,0.07213146,159.6383838,1380.661,237.063,1188.934,199.527,938.561
2011,7372,0.065738653,154.4759246,1535.643,221.364,1303.976,228.669,1004.074
2012,7372,0.043977128,120.8760769,1756.017,182.402,1503.093,292.668,700.382
2013,7372,0.056848749,160.7003891,1962.214,247.8,1679.319,256.026,1022.441
2014,7372,0.054261136,166.1051282,2057.472,259.124,1768.605,326.727,985.762
2015,7372,0.044777187,145.5760309,2242.211,225.934,1909.108,385.694,964.935
2016,7372,0.050917446,176.1227723,2422.532,266.826,2059.095,438.873,1117.315
2017,7372,0.02530625,90.73953488,2724.88,136.563,2233.59,451.144,1048.356
2018,7372,0.070374199,289.6972539,3121.058,432.518,2545.593,554.217,723.115
2019,7372,0.083115332,354.2029275,3360.694,532.367,2770.639,764.452,729.771
2020,7372,0.082732487,434.7820681,3685.281,664.347,3065.866,995.292,1237.176
2021,7372,0.086550902,494.7851078,4204.193,757.516,3514.044,853.075,1582.349
2010,7370,0.028887175,410.5743802,1636.815,99.359,1042.999,139.412,1306.096
2011,7370,0.051096744,696.932,2059.444,174.233,1298.2,184.758,869.848
2012,7370,0.041847924,596.5018727,2800.933,159.266,1808.463,257.267,770.581
2013,7370,0.0674865,1070.35206,3022.987,285.784,2022.886,219.65,1106.448
2014,7370,0.097049085,1548.033582,3109.547,414.873,2226.371,240.591,1151.053
2015,7370,0.022931506,442.4888889,3230.933,119.472,2452.772,276.87,1520.647
2016,7370,-0.008885305,-151.7647059,3139.882,-41.28,2394.835,261.49,1418.529
2017,7370,0.051965554,1100.808664,3307.239,304.924,2656.231,337.266,1635.804
2018,7370,0.091199832,2255.255396,4262.892,626.961,3351.746,289.321,2256.93
2019,7370,0.051738876,1545.272401,4757.055,431.131,3629.635,307.642,3159.942
2020,7370,0.043104421,480.6029963,2391.269,128.321,1755.436,138.923,739.302
2016,3571,0.039671683,185.9411765,50123,3161,17636,11949,12987
2017,3571,0.005602058,21.5,28871,344,10898,8455,9579
2018,3571,0.034382715,136.2857143,30852,1908,11574,8611,4880
2019,3571,0.020249792,80.69230769,29135,1049,11768,7688,4076
2020,3571,-0.005961307,-24.76923077,26982,-322,10742,7867,4621
2021,3571,0.059394444,263.6153846,27784,3427,11619,8858,4332
2016,3829,0.106510537,249.2285714,6224.3,872.3,3217.9,945.4,803.2
2017,3829,0.099470506,298.4285714,6656,1044.5,3474.6,1143.6,962.1
2018,3829,0.225777957,857,6452.7,2913.8,3584.1,1195.1,1178.4
2019,3829,0.042370549,217.3235294,7320,738.9,4122.3,1384.5,1205.2
2020,3829,0.100507741,474.5,4634.4,1613.3,3000.7,810.3,2944
2010,7372,0.110427087,191.3333333,3455,574,3016,162,1622
2011,7372,0.12407045,211.3333333,3851,634,3377,243,1421
2012,7372,0.169086251,264,4151,792,3594,236,744
2013,7372,0.156398104,286,4171,858,3791,192,1661
2014,7372,0.17438954,302.3333333,4506,907,4015,169,1914
2015,7372,0.073470209,121.6666667,4192,365,3686,175,1697
2016,7372,0.230352941,326.3333333,4694,979,4168,128,1080
2017,7372,0.238692232,323.6666667,5177,971,4602,166,777
2018,7372,0.233874083,403.6666667,5964,1211,5234,137,1716
2019,7372,0.247811555,519,6784,1557,5836,247,2740
2020,7372,0.167047846,608.6666667,7649,1826,6483,201,7050
2021,7372,0.132895076,687.3333333,9613,2062,8147,653,3870
2009,3674,0.086239272,1173,947.729,217.005,622.499,137.806,1214.323
2010,3674,0.141152902,2205,1487.205,418.95,974.948,181.202,1243.496
2011,3674,0.109185946,1744.585492,1383.176,336.705,887.018,170.201,1459.009
2012,3674,0.033075981,649.9438776,1581.623,127.389,931.019,229.955,1578.597
2013,3674,0.097177226,1976.405,1931.217,395.281,1223.348,242.405,1344.785
2014,3674,0.077187022,1826.777228,2147.036,369.009,1357.319,273.937,1958.869
2015,3674,0.058218433,1588.882353,2173.334,324.132,1359.385,290.183,2446.035
2016,3674,0.02141818,718.9475983,3407.807,164.639,2078.511,478.373,1302.772
2017,3674,0.030930582,1277,3980.8,255.4,2551.1,563.7,2196.6
2018,3674,0.019395095,1779.5,5349.5,355.9,3490.4,880.6,430.9
2019,3674,0.032743987,2853,5274.2,570.6,3423.2,934,403
2020,3674,0.021203,1164.666667,5438.4,349.4,3557.4,997.7,282
2010,3826,0.164010792,252.655857,1643.371,381.763,1014.083,358.237,946.419
2011,3826,0.158990377,283.3560209,1851.184,432.968,1147.489,367.085,1281.351
2012,3826,0.145650616,300.223162,1843.641,461.443,1162.932,404.556,1539.025
2013,3826,0.125606922,289.9503866,1904.218,450.003,1190.539,430.985,1803.67
2014,3826,0.111301533,275.4435227,1989.344,431.62,1248.028,433.616,2055.388
2015,3826,0.109882523,297.4337349,2042.332,469.053,1279.524,468.315,2399.263
2016,3826,0.11186109,328.8165195,2167.423,521.503,1362.53,489.34,2813.032
2017,3826,0.003814735,12.71026283,2309.078,20.311,1461.27,533.825,3393.701
2018,3826,0.159304034,369.965109,2419.929,593.794,1528.061,568.316,1735.224
2019,3826,0.231593767,367.8248447,2406.596,592.198,1491.499,587.734,337.144
2020,3826,0.183656934,322.554731,2365.365,521.571,1473.45,573.316,443.146
2009,3572,0.061653117,800.8,3931.4,400.4,2685.2,471.5,3726.1
2010,3572,0.079199416,1346.2,5122.6,673.1,3494.3,742.6,5180
2011,3572,0.06351038,1210.8,6233.2,605.4,4011.9,830.9,5407.1
2012,3572,0.044945919,1010.6,6332.4,505.3,4105.7,800.9,6961.5
2013,3572,0.069149167,2125,6325.1,637.5,4251.2,855.9,5003.3
2014,3572,0.059556227,1866.333333,6122.7,559.9,4139.3,778.9,5329
2015,3572,0.022815582,763.3333333,5546,229,3657,813,5308
2016,3572,0.053618456,1696.666667,5519,509,3597,731,4928
2017,3572,0.007704004,253.3333333,5911,76,3880,1009,5397
2018,3572,0.133737559,5845,6146,1169,4131,1216,3905
2019,3572,0.108880617,4095,5412,819,3816,973,2888
2020,3572,0.077991453,3650,5744,730,4014,945,4604
2010,7372,0.074809645,996.6366906,1874.662,277.065,1775.121,378.395,893.805
2011,7372,0.086917535,1259.088339,2206.392,356.322,2067.06,484.431,739.757
2012,7372,0.073502388,1228.38676,2586.123,352.547,2367.51,630.956,928.631
2013,7372,0.065139444,1166.745704,2918.434,339.523,2641.471,654.821,734.716
2014,7372,0.045668121,853.2983051,3142.856,251.723,2807.009,674.401,789.409
2015,7372,0.058262266,1068.09699,3275.594,319.361,2945.377,669.276,871.37
2016,7372,0.083895611,1769.346535,3418.265,536.112,3078.589,725.94,1684.029
2017,7372,-0.003559858,-67.70915033,2824.686,-20.719,2537.865,712.535,1747.646
2018,7372,0.112083627,1856.990323,2973.903,575.667,2666.142,688.42,1202.381
2019,7372,0.155348484,2137.344828,3010.564,681.813,2676.84,732.559,588.816
2020,7372,0.103151371,1566.602484,3236.7,504.446,2836.061,895.309,877.008
2010,7372,0.071998556,167.1746725,580.236,153.132,523.354,199.404,472.934
2011,7372,0.07379098,194.9029126,691.449,180.675,619.446,233.402,472.404
2012,7372,0.078040068,218.3293991,798.018,203.483,716.759,294.798,577.155
2013,7372,0.090114833,263.2263948,861.26,245.327,772.809,280.345,742.986
2014,7372,0.091809857,273.2725322,936.021,254.69,841.147,272.335,788.778
2015,7372,0.092501788,270.945279,942.753,252.521,853.783,269.642,784.614
2016,7372,0.094852181,285.0171674,988.465,265.636,898.437,322.029,822.86
2017,7372,0.08813196,278.166309,1095.25,259.251,1002.092,361.477,881.787
2018,7372,0.128407723,449.973176,1293.636,419.375,1183.211,498.553,777.364
2019,7372,0.093264216,477.0560254,1515.892,451.295,1394.966,637.83,872.382
2020,7372,0.073037695,455.2854145,1681.297,433.887,1524.709,761.346,913.151
2010,7372,0.049871406,56.28106852,1136.876,48.458,451.422,84.217,300.45
2011,7372,-0.094669779,-120.6385809,825.823,-108.816,297.951,45.035,436.743
2012,7372,-0.023078807,-31.47385272,1214.483,-29.491,505.646,189.596,409.991
2013,7372,0.20093297,343.7309886,2350.568,361.605,939.799,53.143,1129.239
2014,7372,-0.125261082,-267.1797323,1082.938,-279.47,288.415,217.86,1267.727
2015,7372,-0.003205063,-7.998073218,1413.698,-8.302,599.985,168.527,1530.731
2016,7372,0.021371772,56.17946578,1779.748,67.303,761.041,219.558,1730.146
2017,7372,0.046425998,130.7709118,1792.892,173.533,914.3,247.649,1861.777
2018,7372,0.078678267,248.0215453,2668.394,333.837,1161.687,453.372,2136.471
2019,7372,0.081728173,297.6151582,3088.97,404.459,1728.77,674.18,2548.271
2020,7372,0.097688239,427.9694767,3372.772,588.886,1964.077,658.316,3270.398
2009,3674,0.070037909,0.073884538,978.393,71.019,446.522,143.073,257.358
2010,3674,0.121473425,0.128840131,1051.756,124.558,471.221,130.593,292.063
2011,3674,0.000888466,0.000913632,871.352,0.857,365.105,115.323,300.402
2012,3674,-0.056865941,-0.04208207,964.147,-52.999,383.937,159.88,179.649
2013,3674,0.013736646,0.009842713,1148.231,12.642,483.413,150.598,243.965
2014,3674,0.028481167,13086.86667,1710.966,196.303,912.921,379.646,544.644
2015,3674,-0.004372562,-2218.846154,2610.726,-28.845,1436.952,363.736,612.689
2016,3674,-0.002538666,-1273.692308,3032.574,-16.558,1551.978,423.195,545.463
2017,3674,-0.00631323,-3099.076923,2973.536,-40.288,1573.744,390.752,927.037
2018,3674,0.022920876,11093.75,3090.325,133.125,1632.66,406.306,712.135
2019,3674,0.050958879,30393.18182,3239.141,334.325,1730.545,387.588,715.839
2020,3674,0.101587488,66691.90909,4015.307,733.611,2275.609,488.255,1399.08
2010,3826,0.101682696,518.1875,1968.178,232.148,1058.24,368.936,447.577
2011,3826,0.12230369,601.546875,2309.328,269.493,1238.955,425.147,235.601
2012,3826,0.137360442,649.2120536,2341.528,290.847,1274.219,437.39,101.702
2013,3826,0.142182877,683.2455357,2378.972,306.094,1316.752,466.703,111.874
2014,3826,0.168353649,755.0022321,2485.983,338.241,1392.082,435.648,85.263
2015,3826,0.174794462,787.5446429,2395.447,352.82,1384.829,411.42,98.887
2016,3826,0.177392505,857.96875,2508.257,384.37,1468.078,454.988,158.674
2017,3826,0.147451276,839.2232143,2725.053,375.972,1606.6,528.615,148.687
2018,3826,0.195739194,1144.220982,2935.586,512.611,1721.321,535.528,178.11
2019,3826,0.201163294,1252.475446,3008.652,561.109,1780.012,566.256,207.785
2020,3826,0.214151184,1345.399554,3085.177,602.739,1842.81,593.809,94.254
2010,7370,0.340002029,2654.846645,680.578,830.967,591.557,37.23,2060.866
2011,7370,0.076981261,450.7602524,771.978,142.891,662.438,24.426,1346.209
2012,7370,0.155168836,1003.23511,873.592,320.032,760.811,26.533,1556.436
2013,7370,0.204621449,1701.40625,965.087,544.45,838.729,53.515,1723.285
2014,7370,0.164864615,1103.291925,1010.117,355.26,885.382,38.269,1424.684
2015,7370,0.159150915,1161.721362,1059.366,375.236,928.069,35.736,1915.43
2016,7370,0.188747659,1360.015432,1142.167,440.645,1002.092,28.379,1797.907
2017,7370,0.155463711,1406.916923,1165.095,457.248,1021.647,11.458,2414.751
2018,7370,0.304250605,1654.798295,1214.969,582.489,1071.202,10.48,1269.669
2019,7370,0.330256757,1734.558074,1231.661,612.299,1097.524,17.356,1218.059
2020,7370,0.461193836,2301.943503,1265.052,814.888,1131.227,8.214,1166.907
2010,7370,0.160054147,241.3754525,4592.389,733.54,1937.82,1014.268,2226.388
2011,7370,0.160426425,291.5268888,6121.156,883.618,2582.534,1318.67,2432.264
2012,7370,0.161197816,348.44647,7346.472,1051.263,3068.231,1528.746,2863.758
2013,7370,0.14966389,404.2704837,8843.189,1228.578,3577.72,1875.272,3747.473
2014,7370,0.122815711,236.1777158,10262.681,1439.267,4121.563,2293.264,3774.726
2015,7370,0.124267148,266.1639344,12416,1623.6,4975.8,2621.6,4949.5
2016,7370,0.108890759,258.8333333,13487,1553,5379,2905,5169
2017,7370,0.098810853,250.6666667,14810,1504,5658,3222,5056
2018,7370,0.132030415,350.1666667,16125,2101,6287,3562,4511
2019,7370,0.113675636,368.4,16783,1842,6174,3610,3424
2020,7370,0.082254919,278.4,16652,1392,6046,3409,2724
2010,7370,0.081847868,1190.324521,9156.274,1800.961,7164.345,4157.337,6622.814
2011,7370,0.118205023,2103.835179,11651.654,3229.387,8864.049,6195.28,5929.402
2012,7370,0.070372768,1304.5,14072,2609,10721,11438,9408
2013,7370,0.068839182,1428,16047,2856,12093,12948,9025
2014,7370,0.001019232,23,17902,46,13392,14942,10098
2015,7370,0.096991847,862.5,8592,1725,7460,619,6131
2016,7370,0.304692414,3633,8979,7266,7599,592,7149
2017,7370,-0.0391055,-508,9567,-1016,7983,695,5863
2018,7370,0.110872519,1265,10746,2530,9004,712,4915
2019,7370,0.098272257,893,10800,1786,8927,700,2825
2020,7370,0.293474883,2833.5,10271,5667,8379,412,3826
2009,3674,-0.018959441,-104.1148545,3326.445,-67.987,1284.213,374.963,1728.227
2010,3674,0.056314159,373.9231905,3543.309,253.146,1590.283,348.77,2490.563
2011,3674,0.104645693,830.1285714,3997.93,581.09,2268.022,336.143,3129.576
2012,3674,0.087728401,781.3,4280.159,562.536,2452.578,454.252,3727.883
2013,3674,0.060680793,601.079235,4130.162,439.99,2502.869,426.357,4671.81
2014,3674,0.08756489,836.3222812,4681.507,630.587,2819.602,473.637,4623.339
2015,3674,0.083310719,614,5010,614,3028,505,5037
2016,3674,0.169291739,1666,6910,1666,4259,826,6798
2017,3674,0.271061293,3047,9714,3047,6021,1265,7108
2018,3674,0.311540776,4141,11716,4141,7468,1424,7422
2019,3674,0.161478487,2796,10918,2796,7163,1657,10897
2020,3674,0.150463687,4332,16675,4332,11693,2429,11561
2010,7370,0.181538036,1204.431507,3084.905,527.541,1913.672,162.426,1663.268
2011,7370,0.266043447,2368.544843,4355.61,1056.371,3079.88,264.453,2661.434
2012,7370,0.21607637,3154.591111,5260.956,1419.566,4104.607,367.512,5189.835
2013,7370,0.181212145,3976.182773,6793.306,1892.663,5730.125,535.962,6763.19
2014,7370,0.162092486,5045.31875,8441.971,2421.753,7584.13,643.894,4291.676
2015,7370,0.146456704,5293.278008,9223.987,2551.36,8561.748,645.169,2649.317
2016,7370,0.107615802,4402.035052,10743.006,2134.987,10314.692,860.115,4300.887
2017,7370,0.091970485,4806.498973,12681.082,2340.765,12418.545,1217.801,7423.214
2010,7373,0.110963065,0.292244038,881.972,151.153,733.42,112.132,428.496
2011,7373,0.153898284,0.634025587,1151.834,241.397,964.717,165.676,542.55
2012,7373,0.143985902,0.841748185,1377.247,275.186,1165.997,185.172,532.151
2013,7373,0.124325168,1.056414164,1481.314,277.314,1254.567,204.205,542.143
2014,7373,0.142421108,19.75388815,1732.046,311.183,1454.677,242.242,645.379
2015,7373,0.157858227,35.93011123,1919.823,365.014,1628.312,279.434,774.342
2016,7373,0.158631293,27.73519824,1995.034,365.855,1704.934,268.175,882.395
2017,7373,0.169606982,23.87025586,2090.041,420.761,1790.528,291.924,1016.928
2018,7373,0.174129027,22.21026093,2161.407,453.689,1853.799,295.352,1039.412
2019,7373,0.126164987,2.999600272,2242.447,427.734,1945.043,401.436,972.282
2020,7373,0.065721731,1.006508366,2350.822,307.441,2028.676,434.279,1209.889
2021,7373,0.066284259,1.721107982,2603.416,331.241,2223.621,555.932,910.607
2010,3576,0.073029391,123680.4,4093.266,618.402,2892.805,596.622,2286.401
2011,3576,0.042582498,85027.2,4448.709,425.136,3032.484,577.386,3551.743
2010,7370,0.072776702,88.99168399,1023.586,171.22,846.768,175.366,606.871
2011,7370,0.085655048,102.5543645,1158.538,200.904,934.803,210.936,849.226
2012,7370,0.078438392,101.2352357,1373.947,203.989,1125.237,218.777,437.581
2013,7370,0.09922862,162.3268805,1577.922,293.487,1229.719,271.988,673.896
2014,7370,0.083454745,187.2955693,1963.874,333.948,1568.28,329.578,758.292
2015,7370,0.076745883,181.3803612,2197.448,321.406,1689.762,380.399,749.561
2016,7370,0.072289377,182.4189267,2340.049,316.132,1772.928,368.596,837.018
2017,7370,0.047431762,128.4997057,2502.996,218.321,1892.519,459.127,711.936
2018,7370,0.05462936,183.1632904,2714.474,298.373,2053.581,479.889,1892.105
2019,7370,0.068223602,295.0833333,2893.617,478.035,2195.061,551.943,1536.994
2020,7370,0.071747124,342.3810695,3198.149,557.054,2385.775,660.052,1098.073
2010,3826,0.070544554,114,5463,684,3205,869,4199
2011,3826,0.111736778,168.6666667,6626,1012,3825,860,3527
2012,3826,0.10943432,192.1666667,6858,1153,3962,923,2351
2013,3826,0.067752199,120.6666667,6782,724,3960,899,2675
2014,3826,0.046533099,84,6981,504,4060,983,3028
2015,3826,0.053616794,66.83333333,4038,401,2263,606,2245
2016,3826,0.059215586,77,4202,462,2402,631,2289
2017,3826,0.081177308,228,4472,684,2629,724,2678
2018,3826,0.03699801,105.3333333,4914,316,2878,776,2247
2019,3826,0.113309353,357,5163,1071,3023,930,1382
2020,3826,0.07468578,239.6666667,5339,719,3068,1038,1441
2021,3826,0.113031294,403.3333333,6319,1210,3647,1172,1575
2010,3812,0.077352677,301.25,1644.2,120.5,540.8,254.8,75.1
2011,3812,0.139751383,638,1941.9,255.2,715.4,270,49.4
2012,3812,0.068193152,410.25,2127.3,164.1,826.5,350.3,45.8
2013,3812,0.067245829,462.5,2338.6,185,937.1,378,66
2014,3812,0.076060373,544.25,2394,217.7,1005.6,414.3,141.4
2015,3812,0.072025014,489.5,2298.1,195.8,961.7,401.8,85.1
2016,3812,0.06880767,477.25,2149.9,190.9,924.6,389.1,98.6
2017,3812,0.05906822,568,2603.8,227.2,1107.4,478.1,70.9
2018,3812,0.087627648,834.5,2901.8,333.8,1228.7,561.8,142.5
2019,3812,0.087842264,1005.75,3163.6,402.3,1355.2,660.9,199.5
2020,3812,0.07903949,1004.75,3086.2,401.9,1307.4,624.1,673.1
2010,3826,0.06790828,82.38192612,902.741,124.891,643.549,165.598,894.289
2011,3826,0.039450962,51.9352518,1055.535,86.628,776.764,173.886,1189.568
2012,3826,0.058943488,88.81620669,1148.516,151.254,841.898,214.975,1350.204
2013,3826,0.041506377,71.4820308,1421.178,125.308,1053.816,238.946,1165.603
2014,3826,0.105805117,195.7623269,1861.358,353.351,1397.891,289.458,1338.371
2015,3826,0.125160159,248.2834857,2219.762,461.559,1675.709,385.529,1386.22
2016,3826,0.108080409,245.1770005,2398.373,462.649,1807.363,381.316,1558.724
2017,3826,0.138101579,363,2752,726,2000,411,2145
2018,3826,0.118695215,413,3333,826,2479,514,3512
2019,3826,0.136960087,501,3543,1002,2655,573,3414
2020,3826,0.086486486,328,3239,656,2394,487,3472
2010,3812,0.146565236,0.325242916,2689.911,584.603,1436.536,747.249,1285.354
2011,3812,0.116496673,0.289799631,2758.569,520.896,1426.427,607.45,1398.313
2012,3812,0.112552198,0.301765015,2715.675,542.403,1491.549,603.673,1384.263
2013,3812,0.125504472,0.340714407,2631.851,612.412,1473.623,701.965,1329.011
2014,3812,0.077602277,0.20262819,2870.658,364.211,1661.207,570.191,1364.257
2015,3812,0.1013975,0.25382114,2820.27,456.227,1597.13,531.481,1048.231
2016,3812,0.112883754,28.41170254,3018.665,510.814,1749.685,527.062,1113.835
2017,3812,0.138706375,38.6537071,3087.004,694.955,1863.922,590.882,1053.175
2018,3812,0.128942655,38.60503921,3347.444,694.08,2066.313,569.833,1384.721
2019,3812,0.154453875,52.9776962,3757.505,952.486,2332.122,706.763,1404.03
2020,3812,0.141128056,55.19350353,4186.573,992.324,2594.254,859.645,1846.084
2009,7372,0.032809921,635.5826772,1305.583,80.719,1097.458,320.956,1241.965
2010,7372,0.020857508,484.7669173,1657.139,64.474,1403.285,426.943,496.97
2011,7372,-0.002778956,-84.46715328,2266.539,-11.572,1923.322,683.745,777.866
2012,7372,-0.048914298,-1852.363014,3050.195,-270.445,2567.065,872.634,867.621
2013,7372,-0.025366194,-380.6147541,4071.003,-232.175,3427.031,1438.205,838.774
2014,7372,-0.024566393,-403.5145929,5373.586,-262.688,4469.943,1949.666,995.429
2015,7372,-0.003713636,-70.67958271,6667.216,-47.426,5460.18,2524.929,1341.381
2016,7372,0.010215114,253.7175141,8391.984,179.632,6689.521,3230.82,2208.887
2017,7372,0.006067549,174.6273973,10480.012,127.478,8336.535,3950.093,4521.705
2018,7372,0.036112828,1110,13282,1110,10457,5139,4342
2019,7372,0.002285673,126,17098,126,13413,6623,7947
2020,7372,0.061416872,4072,21252,4072,17034,8263,11966
2010,7370,0.147015609,26495.3271,29321,8505,20285,5002,34975
2011,7370,0.134166506,29960,37905,9737,26554,6172,44626
2012,7370,0.114469392,32536.36364,50175,10737,32542,8585,48088
2013,7370,0.116480346,38452.38095,59825,12920,37940,9390,58717
2014,7370,0.110147713,21241.17647,66001,14444,45290,11556,64395
2015,7370,0.110863211,23796.21543,74989,16348,51849,13909,73066
2016,7370,0.11628865,28188.13314,90272,19478,61234,15629,86333
2017,7370,0.064178008,18244.95677,110855,12662,72171,18705,101871
2018,7370,0.132032029,44160.91954,136819,30736,86299,21193,109140
2019,7370,0.124472199,49917.15116,161857,34343,101612,27492,119675
2020,7370,0.125991815,59657.77778,182527,40269,111474,31384,136694
2010,3674,0.104981126,844.6571429,218.84,29.563,129.473,18.347,177.719
2011,3674,0.04856737,391.2058824,196.519,13.301,110.326,15.097,174.198
2012,3674,0.054867984,437.6666667,213.813,15.756,122.48,19.383,160.625
2013,3674,0.062069676,602.5789474,238.091,22.898,140.061,23.73,226.339
2014,3674,0.088878372,910.1282051,282.535,35.495,165.748,25.63,238.718
2015,3674,0.081551642,879.3,333.067,35.172,193.952,30.83,234.963
2016,3674,0.103144821,1285.853659,388.665,52.72,225.547,34.248,268.224
2017,3674,0.099917403,1552.452381,470.929,65.203,274.384,40.624,299.09
2018,3674,0.132674256,2448.093023,582.382,105.268,334.979,61.375,377.281
2019,3674,0.113803686,2473.613636,627.921,108.839,361.192,61.3,455.397
2020,3674,0.136016735,3652.777778,844.452,164.375,485.14,81.261,595.113
2010,7370,0.065554052,213.4667674,1075.46,141.315,612.798,256.552,200.735
2011,7370,0.044065529,200.6148148,1325.638,135.415,722.151,351.203,234.685
2012,7370,0.044564271,233.9763314,1529.869,158.168,880.438,392.581,345.008
2013,7370,0.024578827,194.0103093,1840.631,131.733,1080.828,459.263,258.367
2014,7370,0.036374974,280.3299712,2230.794,194.549,1342.163,423.657,153.156
2015,7370,0.042883329,341.6685633,2184.335,240.193,1360.684,360.498,291.58
2016,7370,0.010963937,33.95555556,2734.8,152.8,1687.1,661.6,138.9
2017,7370,0.028644259,88.70212766,3599.7,416.9,2244.4,725.4,133.8
2018,7370,0.033762288,115.3829787,4009.2,542.3,2519.1,813.7,120
2019,7370,0.031248446,104.7291667,4414.6,502.7,2757.6,890.7,111.5
2020,7370,0.053962765,181.3958333,4287.8,870.7,2697.8,891.7,125.6
2010,7374,0.028562753,106.4473684,5186.2,404.5,2095.8,1085.6,338
2011,7374,0.033910299,123.5789474,5745.7,469.6,2318.9,1033.6,415.5
2012,7374,0.034037654,121.3684211,5807.6,461.2,2410.9,1126.2,517.6
2013,7374,0.035322097,126.4358974,6070.7,493.1,2549.1,1264,547.5
2014,7374,0.046768362,174.1282051,6422.8,679.1,2644.9,1345.2,492.8
2015,7374,0.024039926,146.8604651,6595.2,631.5,2800.8,2090.2,687.6
2016,7374,0.021820138,142,9241,568,4096,1879,683
2017,7374,0.053799404,329.75,9123,1319,4237,2011,665
2018,7374,0.035591081,211.5,8423,846,4165,2042,703
2019,7374,0.003555831,49.66666667,10333,298,5984,4350,2671
2020,7374,0.001884497,26.33333333,12552,158,7693,4433,4030
2010,7372,-0.578267048,-1856.5625,43.329,-29.705,27.508,14.999,29.797
2011,7372,0.090394129,468.0952381,92.641,9.83,62.538,29.762,59.898
2012,7372,-0.078115261,-296.4126984,243.712,-37.348,153.209,84.48,314.691
2013,7372,-0.063080457,-526.4857143,424.65,-73.708,292.937,108.339,634.554
2014,7372,-0.125878636,-1195.913333,682.563,-179.387,475.264,159.171,668.791
2015,7372,-0.109806469,-1240.1625,1005.48,-198.426,735.749,203.333,801.25
2016,7372,-0.222151308,-2705.413174,1390.513,-451.804,1072.428,322.757,899.362
2017,7372,-0.043888821,-857.0689655,1933.026,-149.13,1542.438,434.895,1780.599
2018,7372,-0.006884,-148.3555556,2608.816,-26.704,2129.526,574.81,1500.256
2019,7372,0.104060653,3315.862434,3460.437,626.698,2855.825,846.279,1693.308
2020,7372,0.013597501,604.6071429,4519.484,118.503,3793.434,1022.415,3094.672
2010,3674,0.122191669,10798.2,299.256,53.991,164.442,58.062,147.86
2011,3674,0.193640525,23551.8,474.482,117.759,278.297,75.755,205.685
2012,3674,0.161925543,29000.8,562.528,145.004,328.386,96.63,384.053
2013,3674,0.146793867,31156,648.034,155.78,370.015,103.803,448.776
2014,3674,0.165535678,40089,769.832,200.445,450.062,143.109,522.15
2015,3674,0.166608758,48430.8,901.265,242.154,533.421,150.479,689.116
2016,3674,0.14567159,52150.4,1006.173,260.752,605.022,155.901,830.634
2017,3674,0.146842651,69522.8,1408.889,347.614,861.927,237.278,1116.157
2018,3674,0.15693721,80805.4,1459.874,404.027,877.765,265.611,1044.79
2019,3674,0.066009238,36046.8,1314.581,180.234,694.699,248.124,1182.616
2020,3674,0.05435569,26595.33333,1200.724,159.572,626.304,273.32,1393.388
2010,7373,0.105884975,126.6666667,2210.1,190,635,354.3,412.6
2011,7373,0.08907563,113.0666667,2166.9,169.6,614,406.6,241.5
2012,7373,0.06218555,82.4,2303.5,123.6,693,370.7,320.5
2013,7373,0.105093648,132.5625,2430.8,212.1,757.1,442.4,266
2014,7373,0.119976278,164.375,2558,263,866,424.8,347.6
2015,7373,0.121236434,179.4375,2694.2,287.1,940.6,444.5,324.2
2016,7373,0.106778248,192.1875,2897,307.5,1005.6,453.4,727.8
2017,7373,0.103752619,204.25,4142.6,326.8,1174.2,589.5,271.2
2018,7373,0.129482253,267.4375,4329.9,427.9,1323.9,615,264
2019,7373,0.124230165,301.3125,4362.2,482.1,1402.8,664,273.5
2020,7373,0.094584646,289.0625,4529,462.5,1492.6,711.3,477.1
2021,7373,0.067427769,342.1875,4993.7,547.5,1689.4,820.4,275.2
2010,3678,0.0649129,1.841402337,12070,1103,4294,2259,1990
2011,3678,0.070247701,2.099494098,14312,1245,5037,2425,1219
2012,3678,0.057598674,5.761658031,13282,1112,4730,2343,1589
2013,3678,0.069118683,6.751322751,13280,1276,4936,2323,1403
2014,3678,0.088378325,9.679347826,13912,1781,5313,2439,2457
2015,3678,0.117430124,13.2967033,12233,2420,4739,2120,3329
2016,3678,0.114095866,11.95833333,12238,2009,4618,2046,647
2017,3678,0.086739164,10.71974522,13113,1683,5085,2290,1218
2018,3678,0.125821642,16.33757962,13988,2565,5412,2361,848
2019,3678,0.093632578,11.97402597,13448,1844,5084,2320,927
2020,3678,-0.012524686,-1.617449664,12172,-241,4446,2377,945
2021,3678,0.105348989,15.27702703,14923,2261,5656,2928,1203
